id,auc,fc1,pa_k_auc,f1_std,f1_pa,precision,recall
PSM_Pooled,0.7790078524476893,0.5280100597296448,0.43452147567278565,0.4345214756727856,0.8698734881134436,0.2775646352986714,1.0
